time,queue_main,queue_right,queue_avg,queue_max,delay_route_1,delay_route_2,delay_route_3,delay_avg_1,delay_avg_2,delay_max,speed
1,0.00,0.00,0.00,0.00,0.00,0.00,0.00,0.00,0.00,0.00,60.00
3,0.00,0.00,0.00,0.00,0.00,0.00,0.00,0.00,0.00,0.00,60.00
5,0.00,0.00,0.00,0.00,0.00,0.00,0.00,0.00,0.00,0.00,60.00
7,0.00,0.00,0.00,0.00,0.00,0.00,0.00,0.00,0.00,0.00,60.00
9,0.00,0.00,0.00,0.00,0.00,0.00,0.00,0.00,0.00,0.00,60.00
11,0.00,0.00,0.00,0.00,0.00,0.00,0.00,0.00,0.00,0.00,60.00
13,0.00,0.00,0.00,0.00,0.00,0.00,0.00,0.00,0.00,0.00,60.00
15,0.00,0.00,0.00,0.00,0.00,0.00,0.00,0.00,0.00,0.00,60.00
17,0.00,0.00,0.00,0.00,0.00,0.00,0.00,0.00,0.00,0.00,60.00
19,0.00,0.00,0.00,0.00,0.00,0.00,0.00,0.00,0.00,0.00,60.00
21,0.00,0.00,0.00,0.00,0.00,0.00,0.00,0.00,0.00,0.00,60.00
23,0.00,0.00,0.00,0.00,0.00,0.00,0.00,0.00,0.00,0.00,60.00
25,0.00,0.00,0.00,0.00,0.00,0.00,0.00,0.00,0.00,0.00,60.00
27,0.00,0.00,0.00,0.00,0.00,0.00,0.00,0.00,0.00,0.00,60.00
29,0.00,0.00,0.00,0.00,0.00,0.00,0.00,0.00,0.00,0.00,60.00
31,0.00,0.00,0.00,0.00,0.00,0.00,0.00,0.00,0.00,0.00,60.00
33,0.00,0.00,0.00,0.00,0.00,0.00,0.00,0.00,0.00,0.00,60.00
35,0.00,0.00,0.00,0.00,0.00,0.00,0.00,0.00,0.00,0.00,60.00
37,0.00,0.00,0.00,0.00,0.00,0.00,0.00,0.00,0.00,0.00,60.00
39,0.00,0.00,0.00,0.00,0.00,0.00,0.00,0.00,0.00,0.00,60.00
41,0.00,0.00,0.00,0.00,0.00,0.00,0.00,0.00,0.00,0.00,62.79
43,0.00,0.00,0.00,0.00,0.00,0.00,0.00,0.00,0.00,0.00,62.79
45,0.00,0.00,0.00,0.00,0.00,0.00,0.00,0.00,0.00,0.00,62.79
47,0.00,0.00,0.00,0.00,0.00,0.00,0.00,0.00,0.00,0.00,56.77
49,0.00,0.00,0.00,0.00,0.00,0.00,0.00,0.00,0.00,0.00,40.14
51,0.00,0.00,0.00,0.00,0.00,0.00,0.00,0.00,0.00,0.00,35.26
53,0.00,0.00,0.00,0.00,0.00,0.00,0.67,0.22,0.29,0.67,29.75
55,0.00,4.52,2.26,4.52,0.00,0.00,2.67,0.89,1.14,2.67,25.00
57,0.00,5.03,2.51,5.03,0.00,0.00,4.67,1.56,2.00,4.67,18.91
59,0.00,5.03,2.51,5.03,0.00,0.00,6.67,2.22,2.86,6.67,22.11
61,0.00,5.03,2.51,5.03,0.46,0.00,8.67,3.04,3.78,8.67,23.68
63,0.00,5.03,2.51,5.03,0.00,0.00,10.67,3.56,4.57,10.67,27.38
65,0.00,5.03,2.51,5.03,0.00,0.00,12.67,4.22,5.43,12.67,30.54
67,0.00,5.03,2.51,5.03,0.00,0.00,14.67,4.89,6.29,14.67,24.43
69,0.00,5.03,2.51,5.03,0.00,0.00,16.67,5.56,7.14,16.67,27.48
71,0.00,5.03,2.51,5.03,0.00,0.00,18.67,6.22,8.00,18.67,24.53
73,0.00,5.03,2.51,5.03,0.96,0.00,20.67,7.21,8.99,20.67,20.58
75,5.78,5.03,5.40,5.78,2.96,0.00,22.67,8.54,10.14,22.67,15.11
77,5.50,5.03,5.26,5.50,4.96,0.00,24.67,9.88,11.28,24.67,8.87
79,5.50,5.03,5.26,5.50,6.96,0.00,26.67,11.21,12.42,26.67,3.40
81,6.20,5.03,5.61,6.20,8.96,0.00,28.67,12.54,13.57,28.67,0.35
83,11.82,5.03,8.42,11.82,10.96,0.00,30.67,13.88,14.71,30.67,0.00
85,11.63,5.03,8.33,11.63,12.96,0.00,32.67,15.21,15.85,32.67,3.00
87,7.80,5.03,6.41,7.80,14.96,0.00,34.67,16.54,16.99,34.67,0.00
89,0.00,5.03,2.51,5.03,8.21,0.00,36.67,14.96,16.89,36.67,24.80
91,0.00,5.03,2.51,5.03,0.00,0.00,38.67,12.89,16.57,38.67,31.30
93,0.00,5.03,2.51,5.03,0.00,0.00,40.67,13.56,17.43,40.67,38.37
95,0.00,5.03,2.51,5.03,0.00,0.00,42.67,14.22,18.29,42.67,39.60
97,0.00,5.03,2.51,5.03,0.00,0.00,44.67,14.89,19.14,44.67,37.66
99,0.00,5.03,2.51,5.03,0.00,0.00,46.67,15.56,20.00,46.67,35.15
101,0.00,5.03,2.51,5.03,0.00,0.00,48.67,16.22,20.86,48.67,32.65
103,0.00,11.35,5.68,11.35,0.00,0.66,50.67,17.11,22.00,50.67,12.90
105,0.00,11.41,5.70,11.41,0.00,0.00,52.67,17.56,22.57,52.67,10.93
107,0.00,8.83,4.42,8.83,0.00,0.00,54.67,18.22,23.43,54.67,16.88
109,0.00,0.00,0.00,0.00,0.00,0.00,9.94,3.31,4.26,9.94,36.33
111,0.00,0.00,0.00,0.00,0.00,0.00,3.77,1.26,1.62,3.77,41.23
113,0.00,0.00,0.00,0.00,0.00,0.00,0.00,0.00,0.00,0.00,47.28
115,0.00,0.00,0.00,0.00,0.00,0.00,0.00,0.00,0.00,0.00,54.82
117,0.00,0.00,0.00,0.00,0.00,0.00,0.00,0.00,0.00,0.00,51.49
119,0.00,0.00,0.00,0.00,0.00,0.00,0.00,0.00,0.00,0.00,44.87
121,0.00,0.00,0.00,0.00,0.00,0.00,0.00,0.00,0.00,0.00,31.26
123,1.23,0.00,0.61,1.23,0.00,1.69,0.00,0.56,0.72,1.69,14.84
125,5.42,0.00,2.71,5.42,0.00,3.69,0.57,1.42,1.82,3.69,21.61
127,0.00,0.00,0.00,0.00,0.00,5.69,2.57,2.75,3.54,5.69,60.00
129,0.00,0.00,0.00,0.00,0.00,0.00,2.68,0.89,1.15,2.68,35.30
131,0.00,0.00,0.00,0.00,0.00,0.00,0.00,0.00,0.00,0.00,41.57
133,0.00,0.00,0.00,0.00,0.00,0.00,0.00,0.00,0.00,0.00,52.21
135,0.00,0.00,0.00,0.00,0.00,0.00,0.00,0.00,0.00,0.00,57.51
137,0.00,0.00,0.00,0.00,0.00,0.00,0.00,0.00,0.00,0.00,52.74
139,0.00,0.00,0.00,0.00,0.00,0.00,0.00,0.00,0.00,0.00,43.64
141,0.00,0.00,0.00,0.00,0.00,0.00,0.00,0.00,0.00,0.00,26.83
143,0.00,0.00,0.00,0.00,0.40,0.00,0.00,0.13,0.06,0.40,11.94
145,0.00,0.28,0.14,0.28,0.00,0.00,1.13,0.38,0.48,1.13,1.24
147,0.00,4.92,2.46,4.92,0.00,0.00,3.13,1.04,1.34,3.13,0.00
149,0.00,4.69,2.34,4.69,0.00,0.00,5.13,1.71,2.20,5.13,21.55
151,0.00,4.69,2.34,4.69,0.00,0.00,7.13,2.38,3.05,7.13,31.36
153,0.00,4.69,2.34,4.69,0.00,0.00,9.13,3.04,3.91,9.13,38.34
155,0.00,4.69,2.34,4.69,0.00,0.00,11.13,3.71,4.77,11.13,40.19
157,0.00,4.69,2.34,4.69,0.00,0.00,13.13,4.38,5.63,13.13,38.00
159,0.00,4.69,2.34,4.69,0.00,0.00,15.13,5.04,6.48,15.13,33.11
161,0.00,4.69,2.34,4.69,0.00,0.00,17.13,5.71,7.34,17.13,28.54
163,0.00,8.85,4.42,8.85,0.00,0.42,19.13,6.52,8.38,19.13,25.66
165,0.30,11.86,6.08,11.86,0.00,2.42,21.13,7.85,10.09,21.13,26.11
167,5.41,9.73,7.57,9.73,0.00,4.42,23.13,9.18,11.81,23.13,26.14
169,5.19,0.00,2.59,5.19,0.00,6.42,8.85,5.09,6.54,8.85,27.63
171,5.19,0.00,2.59,5.19,0.00,8.42,6.59,5.00,6.43,8.42,28.21
173,5.19,0.00,2.59,5.19,0.00,10.42,2.89,4.44,5.71,10.42,29.71
175,4.63,0.00,2.31,4.63,0.00,12.42,1.49,4.64,5.96,12.42,27.73
177,0.00,0.00,0.00,0.00,0.00,14.42,3.49,5.97,7.68,14.42,22.15
179,0.00,4.89,2.44,4.89,0.00,3.98,5.49,3.16,4.06,5.49,25.89
181,0.00,4.63,2.31,4.63,0.00,0.00,7.49,2.50,3.21,7.49,35.10
183,0.00,4.63,2.31,4.63,0.00,0.00,9.49,3.16,4.07,9.49,37.15
185,0.00,4.55,2.27,4.55,0.00,1.69,11.49,4.39,5.65,11.49,61.19
187,0.00,0.00,0.00,0.00,0.00,0.00,13.49,4.50,5.78,13.49,51.93
189,0.00,0.00,0.00,0.00,0.00,0.00,0.00,0.00,0.00,0.00,37.08
191,0.00,0.00,0.00,0.00,0.00,0.00,0.00,0.00,0.00,0.00,30.95
193,0.00,0.00,0.00,0.00,0.57,0.00,0.00,0.19,0.08,0.57,29.02
195,4.18,0.00,2.09,4.18,2.57,0.00,0.00,0.86,0.37,2.57,31.90
197,5.26,0.00,2.63,5.26,4.57,0.00,0.00,1.52,0.65,4.57,26.73
199,5.26,0.00,2.63,5.26,6.57,0.00,0.00,2.19,0.94,6.57,23.99
201,5.26,0.00,2.63,5.26,8.57,0.01,0.00,2.86,1.23,8.57,26.05
203,5.26,0.00,2.63,5.26,10.57,2.01,0.00,4.19,2.37,10.57,27.72
205,12.60,0.00,6.30,12.60,12.57,4.01,0.00,5.53,3.51,12.57,37.74
207,11.19,0.00,5.60,11.19,14.57,6.01,0.00,6.86,4.66,14.57,42.23
209,0.00,0.00,0.00,0.00,0.00,8.01,0.00,2.67,3.43,8.01,48.83
211,0.00,0.00,0.00,0.00,0.00,0.00,0.00,0.00,0.00,0.00,46.92
213,0.00,0.00,0.00,0.00,0.40,0.00,0.00,0.13,0.06,0.40,33.43
215,0.00,0.00,0.00,0.00,0.00,0.00,0.11,0.04,0.05,0.11,33.48
217,0.00,0.00,0.00,0.00,0.00,0.00,2.11,0.70,0.90,2.11,22.89
219,0.00,0.00,0.00,0.00,0.00,0.00,1.49,0.50,0.64,1.49,6.68
221,1.96,0.00,0.98,1.96,1.47,0.00,0.00,0.49,0.21,1.47,0.33
223,4.36,0.00,2.18,4.36,3.47,0.00,0.00,1.16,0.50,3.47,0.00
225,4.03,0.00,2.01,4.03,5.47,0.00,0.00,1.82,0.78,5.47,60.00
227,0.00,0.00,0.00,0.00,7.47,0.00,0.00,2.49,1.07,7.47,60.00
229,0.00,0.00,0.00,0.00,0.00,0.00,0.00,0.00,0.00,0.00,40.33
231,0.00,0.00,0.00,0.00,0.00,0.00,0.00,0.00,0.00,0.00,46.33
233,0.00,0.00,0.00,0.00,0.00,0.00,0.00,0.00,0.00,0.00,55.37
235,0.00,0.00,0.00,0.00,0.00,0.00,0.00,0.00,0.00,0.00,61.40
237,0.00,0.00,0.00,0.00,0.00,0.00,0.00,0.00,0.00,0.00,52.78
239,0.00,0.00,0.00,0.00,0.00,0.00,0.00,0.00,0.00,0.00,35.71
241,0.00,0.00,0.00,0.00,0.00,0.92,0.00,0.31,0.39,0.92,22.65
243,1.47,0.00,0.74,1.47,0.00,2.92,0.00,0.97,1.25,2.92,17.91
245,7.99,0.00,3.99,7.99,0.00,4.92,0.00,1.64,2.11,4.92,18.78
247,11.40,0.00,5.70,11.40,0.00,6.92,0.00,2.31,2.96,6.92,21.47
249,11.36,0.00,5.68,11.36,0.00,8.92,0.00,2.97,3.82,8.92,32.36
251,11.36,0.00,5.68,11.36,0.00,10.92,0.00,3.64,4.68,10.92,31.36
253,11.36,0.00,5.68,11.36,0.00,12.92,0.00,4.31,5.54,12.92,27.85
255,11.36,0.00,5.68,11.36,0.00,14.92,0.45,5.12,6.59,14.92,28.15
257,11.36,0.00,5.68,11.36,0.00,16.92,2.45,6.46,8.30,16.92,19.08
259,11.36,0.00,5.68,11.36,0.00,18.92,0.00,6.31,8.11,18.92,15.98
261,11.36,0.00,5.68,11.36,0.00,20.92,0.58,7.16,9.21,20.92,14.70
263,17.47,0.00,8.73,17.47,0.00,22.92,0.00,7.64,9.82,22.92,14.62
265,17.90,0.00,8.95,17.90,0.00,24.92,0.00,8.31,10.68,24.92,20.00
267,17.86,0.00,8.93,17.86,0.00,26.92,0.00,8.97,11.54,26.92,23.46
269,5.13,0.00,2.57,5.13,0.00,27.49,0.00,9.16,11.78,27.49,14.36
271,0.00,0.00,0.00,0.00,0.00,11.34,0.68,4.01,5.15,11.34,1.96
273,0.00,4.59,2.30,4.59,0.00,0.00,2.68,0.89,1.15,2.68,0.00
275,0.00,4.80,2.40,4.80,0.00,0.00,4.68,1.56,2.01,4.68,0.00
277,0.00,4.80,2.40,4.80,0.00,0.00,6.68,2.23,2.86,6.68,0.00
279,0.00,4.80,2.40,4.80,0.00,0.00,8.68,2.89,3.72,8.68,19.96
281,0.00,4.80,2.40,4.80,0.00,0.00,10.68,3.56,4.58,10.68,25.21
283,0.00,4.80,2.40,4.80,0.00,0.00,12.68,4.23,5.43,12.68,29.84
285,0.00,4.80,2.40,4.80,0.00,0.00,14.68,4.89,6.29,14.68,31.37
287,0.00,4.80,2.40,4.80,0.00,0.00,16.68,5.56,7.15,16.68,21.43
289,0.00,4.80,2.40,4.80,0.00,0.00,18.68,6.23,8.01,18.68,11.28
291,0.00,4.80,2.40,4.80,0.00,0.00,20.68,6.89,8.86,20.68,3.10
293,0.00,7.38,3.69,7.38,0.00,0.00,22.68,7.56,9.72,22.68,0.11
295,0.00,10.78,5.39,10.78,0.00,0.00,24.68,8.23,10.58,24.68,0.00
297,0.00,10.74,5.37,10.74,0.00,0.00,26.68,8.89,11.43,26.68,0.00
299,0.00,10.74,5.37,10.74,0.00,0.00,28.68,9.56,12.29,28.68,0.00
301,0.00,10.74,5.37,10.74,0.00,0.00,30.68,10.23,13.15,30.68,0.00
303,0.00,10.74,5.37,10.74,0.00,0.00,32.68,10.89,14.01,32.68,0.00
305,0.00,10.74,5.37,10.74,0.00,0.00,34.68,11.56,14.86,34.68,0.00
307,0.00,10.74,5.37,10.74,0.00,0.00,36.68,12.23,15.72,36.68,0.00
309,0.00,10.74,5.37,10.74,0.00,0.00,38.68,12.89,16.58,38.68,0.00
311,0.00,10.74,5.37,10.74,0.00,0.00,40.68,13.56,17.43,40.68,0.00
313,0.00,10.74,5.37,10.74,0.00,0.00,42.68,14.23,18.29,42.68,0.00
315,0.00,10.74,5.37,10.74,0.00,0.00,44.68,14.89,19.15,44.68,5.27
317,0.00,7.70,3.85,7.70,0.00,0.00,46.68,15.56,20.01,46.68,60.00
319,0.00,0.00,0.00,0.00,0.00,0.00,27.28,9.09,11.69,27.28,40.93
321,0.00,0.00,0.00,0.00,0.00,0.00,0.00,0.00,0.00,0.00,45.11
323,0.00,0.00,0.00,0.00,0.00,0.00,0.00,0.00,0.00,0.00,53.90
325,0.00,0.00,0.00,0.00,0.00,0.00,0.00,0.00,0.00,0.00,57.42
327,0.00,0.00,0.00,0.00,0.00,0.00,0.00,0.00,0.00,0.00,50.70
329,0.00,0.00,0.00,0.00,0.00,0.00,0.00,0.00,0.00,0.00,38.57
331,0.00,0.00,0.00,0.00,0.00,0.00,0.06,0.02,0.03,0.06,31.86
333,0.00,2.73,1.36,2.73,0.00,0.00,2.06,0.69,0.88,2.06,30.80
335,0.00,3.83,1.91,3.83,0.00,0.99,4.06,1.68,2.16,4.06,39.34
337,5.56,0.00,2.78,5.56,0.00,2.99,6.06,3.02,3.88,6.06,35.89
339,5.31,0.00,2.66,5.31,0.00,4.99,0.00,1.66,2.14,4.99,32.48
341,5.31,0.00,2.66,5.31,0.00,6.99,0.00,2.33,2.99,6.99,28.53
343,7.30,0.00,3.65,7.30,0.00,8.99,0.24,3.07,3.95,8.99,22.24
345,11.41,0.00,5.70,11.41,0.87,10.99,2.24,4.70,5.79,10.99,19.57
347,9.24,0.00,4.62,9.24,2.87,12.99,0.00,5.28,5.97,12.99,21.62
349,0.00,0.00,0.00,0.00,4.87,9.01,0.00,4.62,4.55,9.01,29.05
351,0.00,0.00,0.00,0.00,6.87,1.61,0.00,2.83,1.67,6.87,36.81
353,0.00,0.00,0.00,0.00,0.00,3.61,0.00,1.20,1.55,3.61,49.49
355,0.00,0.00,0.00,0.00,0.00,0.00,0.00,0.00,0.00,0.00,59.25
357,0.00,0.00,0.00,0.00,0.00,0.00,0.00,0.00,0.00,0.00,59.70
359,0.00,0.00,0.00,0.00,0.00,0.00,0.00,0.00,0.00,0.00,47.66
361,0.00,0.00,0.00,0.00,0.00,0.00,0.00,0.00,0.00,0.00,35.11
363,0.00,0.00,0.00,0.00,0.00,0.00,0.00,0.00,0.00,0.00,11.47
365,0.88,0.00,0.44,0.88,0.00,0.00,0.00,0.00,0.00,0.00,0.71
367,5.33,0.00,2.67,5.33,1.88,0.00,0.00,0.63,0.27,1.88,0.00
369,5.22,0.00,2.61,5.22,3.88,0.00,0.00,1.29,0.55,3.88,29.18
371,5.22,0.00,2.61,5.22,5.88,0.00,0.00,1.96,0.84,5.88,32.11
373,5.22,0.00,2.61,5.22,7.88,0.00,0.00,2.63,1.13,7.88,32.10
375,5.22,0.00,2.61,5.22,9.88,0.00,0.00,3.29,1.41,9.88,25.11
377,5.22,0.00,2.61,5.22,11.88,0.00,0.00,3.96,1.70,11.88,13.21
379,5.22,0.00,2.61,5.22,13.88,0.00,0.00,4.63,1.98,13.88,3.63
381,5.22,2.02,3.62,5.22,15.88,0.00,1.71,5.87,3.00,15.88,0.16
383,5.22,5.27,5.25,5.27,17.88,0.00,3.71,7.20,4.15,17.88,0.00
385,5.19,5.22,5.20,5.22,19.88,0.00,5.71,8.53,5.29,19.88,0.00
387,1.16,5.22,3.19,5.22,21.88,0.00,7.71,9.87,6.43,21.88,0.00
389,0.00,5.22,2.61,5.22,0.00,0.00,9.71,3.24,4.16,9.71,17.22
391,0.00,5.22,2.61,5.22,0.00,0.00,11.71,3.90,5.02,11.71,22.70
393,0.00,5.22,2.61,5.22,0.00,0.00,13.71,4.57,5.88,13.71,31.57
395,0.00,4.89,2.44,4.89,0.00,0.00,15.71,5.24,6.73,15.71,50.44
397,0.00,0.00,0.00,0.00,0.00,0.00,17.71,5.90,7.59,17.71,51.67
399,0.00,0.00,0.00,0.00,0.00,0.00,0.00,0.00,0.00,0.00,41.77
401,0.00,0.00,0.00,0.00,0.00,0.00,0.00,0.00,0.00,0.00,32.22
403,0.31,0.00,0.15,0.31,0.00,1.07,0.00,0.36,0.46,1.07,15.85
405,5.41,0.00,2.71,5.41,0.00,3.07,0.94,1.34,1.72,3.07,4.86
407,5.19,1.21,3.20,5.19,0.00,5.07,2.94,2.67,3.43,5.07,0.35
409,5.19,5.49,5.34,5.49,0.00,7.07,4.94,4.00,5.15,7.07,0.00
411,5.19,5.39,5.29,5.39,0.00,9.07,6.94,5.34,6.86,9.07,0.00
413,5.19,5.39,5.29,5.39,0.00,11.07,8.94,6.67,8.58,11.07,0.00
415,5.19,5.39,5.29,5.39,0.00,13.07,10.94,8.00,10.29,13.07,0.00
417,5.19,5.39,5.29,5.39,0.00,15.07,12.94,9.34,12.00,15.07,0.00
419,5.19,5.39,5.29,5.39,0.00,17.07,14.94,10.67,13.72,17.07,11.87
421,5.19,5.39,5.29,5.39,0.00,19.07,16.94,12.00,15.43,19.07,15.48
423,5.19,5.39,5.29,5.39,0.00,21.07,18.94,13.34,17.15,21.07,18.62
425,4.87,5.39,5.13,5.39,0.00,23.07,20.94,14.67,18.86,23.07,30.99
427,0.00,5.39,2.69,5.39,0.00,25.07,22.94,16.00,20.58,25.07,23.56
429,0.00,5.39,2.69,5.39,0.00,0.00,24.94,8.31,10.69,24.94,23.45
431,0.00,5.39,2.69,5.39,0.00,0.00,26.94,8.98,11.54,26.94,21.16
433,0.00,6.94,3.47,6.94,0.00,0.00,28.94,9.65,12.40,28.94,21.37
435,0.00,12.60,6.30,12.60,0.00,0.00,30.94,10.31,13.26,30.94,20.76
437,0.00,12.49,6.24,12.49,0.00,0.00,32.94,10.98,14.12,32.94,14.38
439,0.00,12.49,6.24,12.49,0.00,0.00,34.94,11.65,14.97,34.94,7.39
441,0.00,12.49,6.24,12.49,0.00,0.55,36.94,12.50,16.07,36.94,1.88
443,2.48,12.49,7.48,12.49,0.00,2.55,38.94,13.83,17.78,38.94,0.03
445,5.07,12.49,8.78,12.49,0.00,4.55,40.94,15.16,19.50,40.94,1.81
447,5.04,10.25,7.65,10.25,0.00,6.55,42.94,16.50,21.21,42.94,10.05
449,5.04,0.00,2.52,5.04,0.00,8.55,17.05,8.53,10.97,17.05,30.96
451,5.04,0.00,2.52,5.04,0.00,10.55,0.00,3.52,4.52,10.55,41.42
453,5.04,0.00,2.52,5.04,0.00,12.55,0.00,4.18,5.38,12.55,46.95
455,5.04,0.00,2.52,5.04,0.00,14.55,0.00,4.85,6.24,14.55,46.33
457,5.04,0.00,2.52,5.04,0.00,16.55,0.00,5.52,7.09,16.55,37.62
459,5.04,0.00,2.52,5.04,0.00,18.55,0.00,6.18,7.95,18.55,26.77
461,5.04,1.96,3.50,5.04,0.00,20.55,1.48,7.34,9.44,20.55,15.18
463,10.12,5.11,7.61,10.12,0.00,22.55,3.48,8.68,11.16,22.55,8.30
465,14.68,5.06,9.87,14.68,0.00,24.55,5.48,10.01,12.87,24.55,2.89
467,17.59,5.06,11.32,17.59,0.00,26.55,7.48,11.34,14.58,26.55,0.35
469,17.55,10.85,14.20,17.55,0.00,28.55,9.48,12.68,16.30,28.55,6.35
471,17.55,11.24,14.40,17.55,0.00,30.55,11.48,14.01,18.01,30.55,11.98
473,17.55,11.24,14.40,17.55,0.00,32.55,13.48,15.34,19.73,32.55,17.13
475,17.55,11.24,14.40,17.55,0.00,34.55,15.48,16.68,21.44,34.55,25.37
477,17.52,7.63,12.58,17.52,0.00,36.55,17.48,18.01,23.16,36.55,33.18
479,5.03,0.00,2.52,5.03,0.00,18.88,13.20,10.69,13.75,18.88,39.17
481,0.00,0.00,0.00,0.00,0.00,17.61,0.00,5.87,7.55,17.61,44.63
483,0.00,0.00,0.00,0.00,0.00,2.80,0.00,0.93,1.20,2.80,53.85
485,0.00,0.00,0.00,0.00,0.00,2.84,0.00,0.95,1.22,2.84,46.90
487,0.00,0.00,0.00,0.00,0.38,0.00,0.00,0.13,0.05,0.38,34.32
489,0.00,0.00,0.00,0.00,2.38,1.68,0.00,1.35,1.06,2.38,29.95
491,0.00,0.00,0.00,0.00,0.00,3.68,0.00,1.23,1.58,3.68,60.00
493,0.00,0.00,0.00,0.00,0.00,3.37,0.00,1.12,1.44,3.37,60.00
495,0.00,0.00,0.00,0.00,0.00,0.00,0.00,0.00,0.00,0.00,60.00
497,0.00,0.00,0.00,0.00,0.00,0.00,0.00,0.00,0.00,0.00,60.00
499,0.00,0.00,0.00,0.00,0.00,0.00,0.00,0.00,0.00,0.00,60.00
501,0.00,0.00,0.00,0.00,0.00,0.00,0.00,0.00,0.00,0.00,60.00
503,0.00,0.00,0.00,0.00,0.00,0.00,0.00,0.00,0.00,0.00,60.00
505,0.00,0.00,0.00,0.00,0.00,0.00,0.00,0.00,0.00,0.00,60.00
507,0.00,0.00,0.00,0.00,0.00,0.00,0.00,0.00,0.00,0.00,60.00
509,0.00,0.00,0.00,0.00,0.00,0.00,0.00,0.00,0.00,0.00,41.77
511,0.00,0.00,0.00,0.00,0.00,0.00,0.00,0.00,0.00,0.00,52.13
513,0.00,0.00,0.00,0.00,0.00,0.00,0.00,0.00,0.00,0.00,54.00
515,0.00,0.00,0.00,0.00,0.00,0.00,0.00,0.00,0.00,0.00,60.75
517,0.00,0.00,0.00,0.00,0.00,0.00,0.00,0.00,0.00,0.00,54.70
519,0.00,0.00,0.00,0.00,0.00,0.00,0.00,0.00,0.00,0.00,39.36
521,0.00,0.00,0.00,0.00,0.00,0.00,0.00,0.00,0.00,0.00,27.23
523,0.00,1.99,1.00,1.99,0.00,0.55,1.90,0.82,1.05,1.90,26.06
525,0.00,5.18,2.59,5.18,0.00,2.55,3.90,2.15,2.76,3.90,27.18
527,5.42,5.12,5.27,5.42,0.00,4.55,5.90,3.48,4.48,5.90,27.78
529,5.41,5.12,5.27,5.41,0.00,6.55,7.90,4.82,6.19,7.90,26.36
531,5.41,5.12,5.27,5.41,0.00,8.55,9.90,6.15,7.91,9.90,23.61
533,5.41,5.12,5.27,5.41,0.00,10.55,11.90,7.48,9.62,11.90,23.37
535,5.33,10.39,7.86,10.39,0.00,12.55,13.90,8.82,11.33,13.90,30.59
537,0.24,9.08,4.66,9.08,0.00,14.55,15.90,10.15,13.05,15.90,35.74
539,0.00,2.28,1.14,2.28,0.00,0.00,6.30,2.10,2.70,6.30,37.05
541,0.00,0.00,0.00,0.00,0.00,0.00,6.47,2.16,2.77,6.47,36.88
543,0.00,0.00,0.00,0.00,0.83,0.00,0.00,0.28,0.12,0.83,36.61
545,0.00,0.00,0.00,0.00,0.00,0.00,0.00,0.00,0.00,0.00,19.21
547,2.39,0.00,1.19,2.39,1.88,0.00,1.68,1.19,0.99,1.88,5.95
549,5.49,0.28,2.88,5.49,3.88,0.00,3.68,2.52,2.13,3.88,0.54
551,5.45,4.89,5.17,5.45,5.88,0.00,5.68,3.85,3.28,5.88,0.00
553,5.45,4.70,5.08,5.45,7.88,0.00,7.68,5.19,4.42,7.88,15.61
555,5.45,4.70,5.08,5.45,9.88,0.00,9.68,6.52,5.56,9.88,19.01
557,5.45,4.70,5.08,5.45,11.88,0.00,11.68,7.85,6.70,11.88,25.10
559,5.45,4.70,5.08,5.45,13.88,0.00,13.68,9.19,7.85,13.88,23.94
561,5.45,4.70,5.08,5.45,15.88,0.00,15.68,10.52,8.99,15.88,20.61
563,5.45,4.70,5.08,5.45,17.88,0.00,17.68,11.85,10.13,17.88,17.29
565,6.21,4.70,5.46,6.21,19.88,1.09,19.68,13.55,11.74,19.88,10.95
567,12.42,4.70,8.56,12.42,21.88,3.09,21.68,15.55,13.74,21.88,5.53
569,12.25,4.70,8.48,12.25,23.88,5.09,23.68,17.55,15.74,23.88,8.25
571,15.01,4.70,9.86,15.01,25.88,7.09,25.68,19.55,17.74,25.88,13.76
573,17.93,4.70,11.32,17.93,27.88,9.09,27.68,21.55,19.74,27.88,19.11
575,17.90,4.70,11.30,17.90,29.88,11.09,29.68,23.55,21.74,29.88,25.19
577,17.85,4.70,11.28,17.85,31.88,13.09,31.68,25.55,23.74,31.88,29.00
579,16.29,4.70,10.50,16.29,0.00,15.09,33.68,16.26,20.90,33.68,28.85
581,13.25,4.70,8.98,13.25,0.00,17.09,35.68,17.59,22.62,35.68,24.71
583,12.68,4.70,8.69,12.68,0.00,19.09,37.68,18.92,24.33,37.68,18.54
585,17.94,4.40,11.17,17.94,0.00,21.09,39.68,20.26,26.04,39.68,17.10
587,18.79,0.00,9.39,18.79,0.00,23.09,41.68,21.59,27.76,41.68,17.78
589,22.98,0.00,11.49,22.98,0.00,20.15,5.17,8.44,10.85,20.15,23.52
591,3.23,0.00,1.61,3.23,0.00,10.11,4.50,4.87,6.26,10.11,30.62
593,0.00,0.00,0.00,0.00,0.00,8.44,0.00,2.81,3.62,8.44,6.00
595,2.25,0.00,1.13,2.25,0.00,4.88,0.00,1.63,2.09,4.88,0.00
597,4.70,0.00,2.35,4.70,0.00,6.88,0.00,2.29,2.95,6.88,0.00
599,4.68,0.00,2.34,4.68,0.00,8.88,0.00,2.96,3.81,8.88,22.41
601,4.68,0.00,2.34,4.68,0.00,10.88,0.00,3.63,4.66,10.88,31.97
603,4.68,0.00,2.34,4.68,0.00,12.88,0.00,4.29,5.52,12.88,37.56
605,4.68,0.00,2.34,4.68,0.00,14.88,0.00,4.96,6.38,14.88,37.13
607,4.68,0.00,2.34,4.68,0.00,16.88,0.00,5.63,7.23,16.88,32.47
609,4.68,0.00,2.34,4.68,0.00,18.88,0.00,6.29,8.09,18.88,23.28
611,4.68,0.00,2.34,4.68,0.00,20.88,0.54,7.14,9.18,20.88,17.40
613,4.68,2.72,3.70,4.68,0.00,22.88,2.54,8.47,10.89,22.88,13.83
615,4.68,7.67,6.18,7.67,0.00,24.88,4.54,9.81,12.61,24.88,20.43
617,4.68,8.75,6.72,8.75,0.00,26.88,6.54,11.14,14.32,26.88,28.31
619,4.68,0.00,2.34,4.68,0.00,28.88,7.13,12.00,15.43,28.88,24.49
621,4.68,0.00,2.34,4.68,0.00,30.88,0.00,10.29,13.23,30.88,25.34
623,4.68,0.00,2.34,4.68,0.00,32.88,0.00,10.96,14.09,32.88,26.14
625,7.68,0.00,3.84,7.68,1.58,34.88,0.00,12.15,15.18,34.88,28.70
627,11.69,0.00,5.84,11.69,3.58,36.88,0.00,13.49,16.32,36.88,26.01
629,11.64,0.00,5.82,11.64,5.58,38.88,0.00,14.82,17.46,38.88,17.04
631,11.64,0.00,5.82,11.64,7.58,40.88,0.00,16.15,18.60,40.88,7.10
633,13.47,0.00,6.74,13.47,9.58,42.88,0.00,17.49,19.75,42.88,1.16
635,22.27,0.00,11.14,22.27,11.58,44.88,0.00,18.82,20.89,44.88,0.00
637,24.42,0.00,12.21,24.42,13.58,46.88,0.00,20.15,22.03,46.88,0.00
639,24.41,0.00,12.21,24.41,15.58,48.88,0.00,21.49,23.18,48.88,0.00
641,24.41,0.00,12.21,24.41,17.58,50.88,0.00,22.82,24.32,50.88,0.00
643,24.41,0.00,12.21,24.41,19.58,52.88,0.00,24.15,25.46,52.88,0.00
645,24.41,0.00,12.21,24.41,21.58,54.88,0.00,25.49,26.60,54.88,2.30
647,24.40,0.00,12.20,24.40,23.58,56.88,0.00,26.82,27.75,56.88,5.18
649,24.00,0.00,12.00,24.00,25.58,16.56,0.00,14.05,10.75,25.58,14.34
651,10.21,0.00,5.10,10.21,0.00,18.56,0.00,6.19,7.95,18.56,25.61
653,0.00,0.00,0.00,0.00,0.00,20.56,0.00,6.85,8.81,20.56,1.38
655,4.45,0.00,2.23,4.45,0.00,21.67,0.00,7.22,9.29,21.67,0.00
657,4.75,0.00,2.38,4.75,0.00,23.67,0.00,7.89,10.14,23.67,0.00
659,4.75,0.00,2.38,4.75,0.00,25.67,0.00,8.56,11.00,25.67,19.78
661,4.75,0.00,2.38,4.75,0.00,27.67,0.00,9.22,11.86,27.67,29.99
663,4.75,0.00,2.38,4.75,0.00,29.67,0.00,9.89,12.71,29.67,36.62
665,4.75,0.00,2.38,4.75,0.00,31.67,0.00,10.56,13.57,31.67,39.23
667,4.75,0.00,2.38,4.75,0.00,33.67,0.00,11.22,14.43,33.67,37.50
669,4.75,0.00,2.38,4.75,0.00,35.67,0.00,11.89,15.29,35.67,30.55
671,4.75,0.00,2.38,4.75,0.00,37.67,0.00,12.56,16.14,37.67,18.28
673,8.59,0.00,4.29,8.59,0.00,39.67,0.00,13.22,17.00,39.67,7.44
675,14.55,0.00,7.28,14.55,0.00,41.67,0.00,13.89,17.86,41.67,3.93
677,20.60,0.00,10.30,20.60,0.00,43.67,0.00,14.56,18.71,43.67,7.30
679,23.39,0.00,11.70,23.39,0.00,8.62,0.00,2.87,3.69,8.62,28.20
681,1.10,0.00,0.55,1.10,0.00,8.61,0.00,2.87,3.69,8.61,40.71
683,0.00,0.00,0.00,0.00,0.00,8.33,0.00,2.78,3.57,8.33,49.83
685,0.00,0.00,0.00,0.00,0.00,0.00,0.00,0.00,0.00,0.00,57.39
687,0.00,0.00,0.00,0.00,0.00,0.00,0.00,0.00,0.00,0.00,53.21
689,0.00,0.00,0.00,0.00,0.00,0.00,0.00,0.00,0.00,0.00,43.66
691,0.00,0.00,0.00,0.00,0.00,0.00,0.48,0.16,0.21,0.48,30.57
693,0.00,0.79,0.39,0.79,0.00,0.00,2.48,0.83,1.06,2.48,13.81
695,0.61,4.66,2.63,4.66,0.00,1.84,4.48,2.11,2.71,4.48,3.55
697,6.99,4.53,5.76,6.99,0.00,3.84,6.48,3.44,4.42,6.48,0.24
699,12.40,4.53,8.46,12.40,0.00,5.84,8.48,4.77,6.14,8.48,9.74
701,12.29,4.53,8.41,12.29,0.00,7.84,10.48,6.11,7.85,10.48,18.14
703,12.29,4.53,8.41,12.29,0.00,9.84,12.48,7.44,9.57,12.48,24.00
705,12.29,4.53,8.41,12.29,0.00,11.84,14.48,8.77,11.28,14.48,27.62
707,9.52,4.53,7.03,9.52,0.00,13.84,16.48,10.11,13.00,16.48,30.62
709,0.00,4.53,2.27,4.53,0.00,14.88,18.48,11.12,14.30,18.48,31.67
711,0.00,4.53,2.27,4.53,0.00,0.00,20.48,6.83,8.78,20.48,34.09
713,0.00,4.53,2.27,4.53,0.00,1.65,22.48,8.04,10.34,22.48,24.43
715,0.00,4.53,2.27,4.53,0.00,1.39,24.48,8.62,11.09,24.48,8.68
717,2.85,4.53,3.69,4.53,0.00,3.39,26.48,9.96,12.80,26.48,1.50
719,8.69,4.53,6.61,8.69,0.00,5.39,28.48,11.29,14.52,28.48,0.00
721,11.45,4.53,7.99,11.45,0.00,7.39,30.48,12.62,16.23,30.48,0.00
723,11.44,4.53,7.98,11.44,0.00,9.39,32.48,13.96,17.94,32.48,0.00
725,11.44,4.24,7.84,11.44,0.00,11.39,34.48,15.29,19.66,34.48,5.09
727,7.76,0.00,3.88,7.76,0.00,13.39,36.48,16.62,21.37,36.48,60.00
729,0.00,0.00,0.00,0.00,0.00,14.67,0.00,4.89,6.29,14.67,39.98
731,0.00,0.00,0.00,0.00,0.00,0.00,0.00,0.00,0.00,0.00,53.32
733,0.00,0.00,0.00,0.00,0.00,0.00,0.00,0.00,0.00,0.00,61.56
735,0.00,0.00,0.00,0.00,0.00,0.00,0.00,0.00,0.00,0.00,64.20
737,0.00,0.00,0.00,0.00,0.00,0.00,0.00,0.00,0.00,0.00,44.01
739,0.00,0.00,0.00,0.00,0.00,0.00,0.00,0.00,0.00,0.00,22.02
741,0.00,0.00,0.00,0.00,0.00,0.00,0.08,0.03,0.04,0.08,5.15
743,0.00,2.84,1.42,2.84,0.00,0.00,2.08,0.69,0.89,2.08,0.00
745,0.00,5.27,2.63,5.27,0.00,0.00,4.08,1.36,1.75,4.08,0.00
747,0.00,5.25,2.62,5.25,0.00,0.00,6.08,2.03,2.61,6.08,0.00
749,0.00,5.25,2.62,5.25,0.00,0.00,8.08,2.69,3.46,8.08,0.00
751,0.00,5.25,2.62,5.25,0.00,0.00,10.08,3.36,4.32,10.08,0.00
753,0.00,5.25,2.62,5.25,0.00,0.00,12.08,4.03,5.18,12.08,0.00
755,0.00,5.25,2.62,5.25,0.00,0.00,14.08,4.69,6.04,14.08,0.00
757,0.00,5.25,2.62,5.25,0.00,0.00,16.08,5.36,6.89,16.08,0.00
759,0.00,5.25,2.62,5.25,0.00,0.00,18.08,6.03,7.75,18.08,23.18
761,0.00,5.25,2.62,5.25,0.00,0.00,20.08,6.69,8.61,20.08,29.14
763,0.00,5.25,2.62,5.25,0.00,0.00,22.08,7.36,9.46,22.08,31.83
765,0.00,4.92,2.46,4.92,0.00,0.00,24.08,8.03,10.32,24.08,60.43
767,0.00,0.00,0.00,0.00,0.00,0.00,26.08,8.69,11.18,26.08,55.48
769,0.00,0.00,0.00,0.00,0.00,0.00,0.00,0.00,0.00,0.00,45.99
771,0.00,0.00,0.00,0.00,0.00,0.00,2.00,0.67,0.86,2.00,45.81
773,0.00,0.00,0.00,0.00,0.00,0.00,0.00,0.00,0.00,0.00,40.19
775,0.00,0.00,0.00,0.00,0.00,0.18,0.00,0.06,0.08,0.18,33.31
777,2.63,0.00,1.31,2.63,0.00,2.18,0.00,0.73,0.93,2.18,19.93
779,5.34,0.00,2.67,5.34,0.00,4.18,0.00,1.39,1.79,4.18,18.39
781,5.31,0.00,2.65,5.31,0.00,6.18,0.00,2.06,2.65,6.18,21.79
783,9.77,0.00,4.89,9.77,0.00,8.18,0.00,2.73,3.50,8.18,27.54
785,11.82,0.00,5.91,11.82,0.00,10.18,0.00,3.39,4.36,10.18,32.14
787,11.82,0.00,5.91,11.82,0.00,12.18,0.00,4.06,5.22,12.18,30.69
789,11.82,0.00,5.91,11.82,0.00,14.18,0.00,4.73,6.08,14.18,26.19
791,11.82,0.00,5.91,11.82,0.00,16.18,0.00,5.39,6.93,16.18,16.02
793,11.82,0.00,5.91,11.82,0.00,18.18,1.01,6.39,8.22,18.18,7.95
795,11.82,5.57,8.69,11.82,0.00,20.18,3.01,7.73,9.94,20.18,5.83
797,9.11,11.66,10.38,11.66,0.19,22.18,5.01,9.13,11.68,22.18,5.98
799,0.00,11.46,5.73,11.46,2.19,19.41,7.01,9.54,11.64,19.41,7.32
801,0.00,11.46,5.73,11.46,4.19,0.00,9.01,4.40,4.46,9.01,0.00
803,0.00,11.46,5.73,11.46,0.00,0.00,11.01,3.67,4.72,11.01,0.00
805,0.00,11.46,5.73,11.46,0.00,0.00,13.01,4.34,5.57,13.01,0.00
807,0.00,11.46,5.73,11.46,0.00,0.00,15.01,5.00,6.43,15.01,0.00
809,0.00,11.46,5.73,11.46,0.00,0.00,17.01,5.67,7.29,17.01,13.78
811,0.00,11.46,5.73,11.46,0.00,0.00,19.01,6.34,8.15,19.01,23.63
813,0.00,11.46,5.73,11.46,0.00,0.00,21.01,7.00,9.00,21.01,30.15
815,0.00,11.46,5.73,11.46,0.00,0.00,23.01,7.67,9.86,23.01,36.98
817,0.00,9.91,4.96,9.91,0.00,0.00,25.01,8.34,10.72,25.01,39.63
819,0.00,0.00,0.00,0.00,0.00,0.00,25.54,8.51,10.95,25.54,40.93
821,0.00,0.00,0.00,0.00,0.00,0.29,0.00,0.10,0.13,0.29,33.31
823,2.54,0.00,1.27,2.54,0.00,2.29,0.00,0.76,0.98,2.29,28.00
825,7.03,0.00,3.51,7.03,1.39,4.29,0.00,1.90,2.04,4.29,17.16
827,11.99,0.00,6.00,11.99,3.39,6.29,0.32,3.34,3.32,6.29,6.90
829,11.91,1.16,6.53,11.91,5.39,8.29,2.32,5.34,5.32,8.29,0.98
831,11.91,9.13,10.52,11.91,7.39,10.29,4.32,7.34,7.32,10.29,0.00
833,11.91,10.40,11.15,11.91,9.39,12.29,6.32,9.34,9.32,12.29,0.00
835,11.91,10.40,11.15,11.91,11.39,14.29,8.32,11.34,11.32,14.29,1.27
837,10.25,10.40,10.32,10.40,13.39,16.29,10.32,13.34,13.32,16.29,4.83
839,0.00,10.40,5.20,10.40,15.39,0.00,12.32,9.24,7.48,15.39,12.62
841,0.00,10.40,5.20,10.40,0.00,0.00,14.32,4.77,6.14,14.32,15.87
843,0.00,10.40,5.20,10.40,0.00,0.00,16.32,5.44,6.99,16.32,25.11
845,0.00,10.40,5.20,10.40,0.00,0.00,18.32,6.11,7.85,18.32,31.62
847,0.00,10.40,5.20,10.40,0.00,0.00,20.32,6.77,8.71,20.32,33.56
849,0.00,10.40,5.20,10.40,0.00,0.00,22.32,7.44,9.57,22.32,28.98
851,0.00,10.40,5.20,10.40,0.00,0.00,24.32,8.11,10.42,24.32,21.12
853,0.28,10.40,5.34,10.40,0.00,1.45,26.32,9.26,11.90,26.32,10.82
855,5.00,10.40,7.70,10.40,0.00,3.45,28.32,10.59,13.61,28.32,3.40
857,4.77,14.86,9.82,14.86,0.00,5.45,30.32,11.92,15.33,30.32,0.32
859,4.77,22.51,13.64,22.51,0.00,7.45,32.32,13.26,17.04,32.32,0.00
861,4.77,22.56,13.66,22.56,0.00,9.45,34.32,14.59,18.76,34.32,0.00
863,4.77,22.56,13.66,22.56,0.00,11.45,36.32,15.92,20.47,36.32,0.00
865,4.69,22.56,13.62,22.56,0.00,13.45,38.32,17.26,22.19,38.32,1.77
867,0.00,22.56,11.28,22.56,0.00,15.45,40.32,18.59,23.90,40.32,8.43
869,0.00,19.90,9.95,19.90,0.00,0.00,40.22,13.41,17.24,40.22,27.41
871,0.00,0.00,0.00,0.00,0.00,0.00,16.35,5.45,7.01,16.35,40.89
873,0.00,0.00,0.00,0.00,0.00,0.00,16.15,5.38,6.92,16.15,44.74
875,0.00,0.00,0.00,0.00,0.00,0.00,0.00,0.00,0.00,0.00,52.55
877,0.00,0.00,0.00,0.00,0.00,0.00,0.00,0.00,0.00,0.00,49.69
879,0.00,0.00,0.00,0.00,0.00,0.00,0.00,0.00,0.00,0.00,44.85
881,0.00,0.00,0.00,0.00,0.00,0.00,0.00,0.00,0.00,0.00,39.51
883,0.79,0.00,0.40,0.79,0.00,1.37,0.00,0.46,0.59,1.37,35.42
885,4.65,0.00,2.33,4.65,0.00,3.37,1.77,1.71,2.20,3.37,31.83
887,4.50,5.06,4.78,5.06,0.00,5.37,3.77,3.05,3.92,5.37,27.66
889,10.62,5.36,7.99,10.62,0.00,7.37,5.77,4.38,5.63,7.37,23.34
891,11.39,5.36,8.37,11.39,0.00,9.37,7.77,5.71,7.35,9.37,19.09
893,16.20,5.36,10.78,16.20,0.00,11.37,9.77,7.05,9.06,11.37,19.68
895,22.96,5.02,13.99,22.96,0.00,13.37,11.77,8.38,10.77,13.37,20.67
897,24.29,0.00,12.15,24.29,0.00,15.37,13.77,9.71,12.49,15.37,18.19
899,29.09,0.00,14.55,29.09,0.00,13.44,4.39,5.95,7.64,13.44,23.91
901,24.31,0.00,12.16,24.31,0.00,11.95,0.00,3.98,5.12,11.95,25.43
903,0.00,0.00,0.00,0.00,0.00,11.66,0.00,3.89,5.00,11.66,28.01
905,0.00,0.00,0.00,0.00,0.00,8.53,0.00,2.84,3.65,8.53,20.99
907,5.26,0.00,2.63,5.26,1.81,10.53,0.00,4.11,4.77,10.53,10.35
909,17.99,0.00,8.99,17.99,3.81,12.53,0.00,5.45,5.91,12.53,4.73
911,18.26,0.00,9.13,18.26,5.81,14.53,0.00,6.78,7.06,14.53,9.93
913,22.62,0.00,11.31,22.62,7.81,16.53,0.00,8.11,8.20,16.53,17.54
915,24.24,0.00,12.12,24.24,9.81,18.53,0.00,9.45,9.34,18.53,27.11
917,24.23,0.00,12.12,24.23,11.81,20.53,0.00,10.78,10.48,20.53,31.25
919,22.67,0.00,11.34,22.67,13.81,17.73,0.00,10.51,9.57,17.73,37.33
921,0.00,0.00,0.00,0.00,15.81,12.21,0.00,9.34,7.49,15.81,41.72
923,0.00,0.00,0.00,0.00,,14.21,0.00,,,,24.79
925,1.45,0.00,0.73,1.45,,3.07,1.35,,,,8.17
927,4.45,2.40,3.42,4.45,,5.07,3.35,,,,1.13
929,4.41,10.09,7.25,10.09,,7.07,5.35,,,,10.38
931,4.41,11.93,8.17,11.93,,9.07,7.35,,,,17.62
933,4.41,11.92,8.17,11.92,,11.07,9.35,,,,21.52
935,4.41,11.92,8.17,11.92,,13.07,11.35,,,,21.89
937,4.41,11.92,8.17,11.92,,15.07,13.35,,,,18.83
939,4.41,11.92,8.17,11.92,,17.07,15.35,,,,11.31
941,4.41,11.92,8.17,11.92,,19.07,17.35,,,,4.59
943,4.41,17.30,10.85,17.30,,21.07,19.35,,,,0.97
945,4.41,22.37,13.39,22.37,,23.07,21.35,,,,0.87
947,4.41,25.25,14.83,25.25,,25.07,23.35,,,,8.66
949,4.41,24.95,14.68,24.95,,27.07,22.72,,,,20.43
951,4.41,0.00,2.21,4.41,,29.07,11.50,,,,34.93
953,4.41,0.00,2.21,4.41,,31.07,9.21,,,,42.81
955,4.32,0.00,2.16,4.32,,33.07,0.00,,,,55.11
957,0.00,0.00,0.00,0.00,,35.07,0.00,,,,53.05
959,0.00,0.00,0.00,0.00,,0.00,0.00,,,,47.16
961,0.00,0.00,0.00,0.00,,0.00,0.00,,,,47.25
963,0.00,0.00,0.00,0.00,,0.00,1.74,,,,32.30
965,0.00,0.00,0.00,0.00,,1.33,,,,,14.10
967,0.00,0.00,0.00,0.00,,0.00,,,,,2.13
969,0.00,4.10,2.05,4.10,,0.00,,,,,0.00
971,0.00,4.53,2.26,4.53,,0.00,,,,,0.00
973,0.00,4.53,2.26,4.53,,0.00,,,,,0.00
975,0.00,4.53,2.26,4.53,,0.00,,,,,0.00
977,0.00,4.53,2.26,4.53,,0.00,,,,,0.00
979,0.00,4.53,2.26,4.53,,0.00,,,,,18.13
981,0.00,4.53,2.26,4.53,,0.00,,,,,27.87
983,0.00,4.53,2.26,4.53,,0.00,,,,,32.03
985,0.00,4.53,2.26,4.53,,0.00,,,,,30.27
987,0.00,4.53,2.26,4.53,,0.00,,,,,29.92
989,0.00,4.53,2.26,4.53,,0.00,,,,,28.16
991,0.00,4.53,2.26,4.53,,0.00,,,,,17.88
993,0.00,4.53,2.26,4.53,,1.67,,,,,7.47
995,0.00,4.53,2.26,4.53,,3.67,,,,,5.07
997,0.00,4.53,2.26,4.53,,5.67,,,,,14.03
999,0.00,4.53,2.26,4.53,,6.99,,,,,18.63
1001,0.00,4.53,2.26,4.53,,,,,,,23.45
1001,0.00,4.53,2.26,4.53,,,,,,,23.45
