time,queue_length
1.0,0.0
3.0,0.0
5.0,0.0
7.0,0.0
9.0,0.0
11.0,0.0
13.0,0.0
15.0,0.0
17.0,0.0
19.0,0.0
21.0,0.0
23.0,0.0
25.0,0.0
27.0,0.0
29.0,0.75
31.0,0.7749999999999999
33.0,3.875
35.0,2.175
37.0,2.45
39.0,2.275
41.0,1.2
43.0,1.2
45.0,1.2
47.0,1.625
49.0,0.175
51.0,0.0
53.0,0.0
55.0,0.825
57.0,0.925
59.0,2.35
61.0,2.85
63.0,3.5
65.0,1.275
67.0,1.275
69.0,1.7
71.0,4.0
73.0,2.975
75.0,2.55
77.0,3.8249999999999997
79.0,5.449999999999999
81.0,4.875
83.0,5.324999999999999
85.0,6.1
87.0,6.6
89.0,5.225
91.0,4.2
93.0,4.175
95.0,7.1
97.0,7.324999999999999
99.0,4.525
101.0,4.550000000000001
103.0,7.0
105.0,6.125
107.0,7.074999999999999
109.0,8.45
111.0,8.825
113.0,7.225
115.0,5.15
117.0,7.375
119.0,7.75
121.0,9.075
123.0,8.55
125.0,6.5
127.0,8.975
129.0,11.225
131.0,11.125
133.0,5.9
135.0,4.875
137.0,7.8
139.0,11.35
141.0,12.15
143.0,13.075
145.0,14.899999999999999
147.0,13.975
149.0,6.4
151.0,8.35
153.0,6.3999999999999995
155.0,8.8
157.0,5.775
159.0,5.775
161.0,5.775
163.0,5.775
165.0,5.75
167.0,2.475
169.0,2.375
171.0,2.825
173.0,3.775
175.0,6.549999999999999
177.0,6.449999999999999
179.0,5.725
181.0,6.949999999999999
183.0,9.799999999999999
185.0,9.825
187.0,8.1
189.0,6.425
191.0,8.674999999999999
193.0,11.575
195.0,11.55
197.0,11.55
199.0,11.55
201.0,11.4
203.0,11.275
205.0,11.4
207.0,11.7
209.0,12.125
211.0,13.625
213.0,13.6
215.0,10.875
217.0,4.449999999999999
219.0,4.449999999999999
221.0,4.8999999999999995
223.0,6.65
225.0,8.675
227.0,9.0
229.0,9.100000000000001
231.0,7.125000000000001
233.0,7.125000000000001
235.0,7.125000000000001
237.0,8.35
239.0,13.849999999999998
241.0,16.150000000000002
243.0,17.7
245.0,17.275
247.0,18.3
249.0,17.35
251.0,17.825
253.0,13.25
255.0,12.975000000000001
257.0,13.875
259.0,14.649999999999999
261.0,16.225
263.0,17.5
265.0,17.6
267.0,18.474999999999998
269.0,18.9
271.0,20.875
273.0,20.325000000000003
275.0,21.525
277.0,20.3
279.0,19.400000000000002
281.0,19.375
283.0,13.975
285.0,15.299999999999999
287.0,17.625
289.0,13.274999999999999
291.0,9.675
293.0,10.175
295.0,11.425
297.0,11.375
299.0,11.375
301.0,11.575
303.0,12.725
305.0,16.174999999999997
307.0,15.875
309.0,15.8
311.0,15.899999999999999
313.0,15.849999999999998
315.0,14.974999999999998
317.0,10.75
319.0,8.600000000000001
321.0,10.5
323.0,10.475000000000001
325.0,12.875
327.0,14.8
329.0,14.75
331.0,17.225
333.0,14.375
335.0,15.575
337.0,16.5
339.0,17.15
341.0,19.325
343.0,21.025
345.0,13.325
347.0,10.2
349.0,11.075
351.0,11.7
353.0,11.7
355.0,11.7
357.0,14.6
359.0,15.049999999999999
361.0,16.175
363.0,18.025000000000002
365.0,13.049999999999999
367.0,13.049999999999999
369.0,13.725
371.0,14.6
373.0,13.525
375.0,13.375
377.0,6.875
379.0,5.949999999999999
381.0,7.375
383.0,10.350000000000001
385.0,10.899999999999999
387.0,13.374999999999998
389.0,14.9
391.0,12.025
393.0,12.475
395.0,14.725
397.0,17.325
399.0,16.575
401.0,14.625
403.0,14.299999999999999
405.0,16.175
407.0,21.025
409.0,21.85
411.0,23.65
413.0,26.575000000000003
415.0,28.175000000000004
417.0,10.625
419.0,10.625
421.0,11.5
423.0,14.024999999999999
425.0,15.149999999999999
427.0,15.925
429.0,19.35
431.0,18.75
433.0,9.875
435.0,9.875
437.0,9.875
439.0,9.875
441.0,10.325000000000001
443.0,11.424999999999999
445.0,12.925
447.0,13.075000000000001
449.0,14.75
451.0,17.849999999999998
453.0,18.975
455.0,18.3
457.0,19.275000000000002
459.0,18.625
461.0,10.175
463.0,11.175
465.0,12.175
467.0,13.6
469.0,13.55
471.0,13.925
473.0,15.3
475.0,15.275
477.0,15.275
479.0,15.275
481.0,17.375
483.0,19.8
485.0,17.35
487.0,15.975
489.0,13.05
491.0,12.75
493.0,15.124999999999998
495.0,16.925
497.0,17.474999999999998
499.0,17.325
501.0,19.275
503.0,17.7
505.0,12.15
507.0,14.15
509.0,16.125
511.0,20.45
513.0,21.124999999999996
515.0,23.625
517.0,22.924999999999997
519.0,17.450000000000003
521.0,19.625
523.0,22.25
525.0,20.375
527.0,16.200000000000003
529.0,17.400000000000002
531.0,18.675
533.0,15.049999999999999
535.0,19.625
537.0,23.8
539.0,28.05
541.0,26.175
543.0,25.125
545.0,21.6
547.0,20.55
549.0,24.15
551.0,27.924999999999997
553.0,31.3
555.0,35.5
557.0,37.0
559.0,37.825
561.0,41.425000000000004
563.0,42.474999999999994
565.0,43.975
567.0,30.825
569.0,35.400000000000006
571.0,28.45
573.0,30.025
575.0,31.675
577.0,32.675
579.0,35.1
581.0,36.65
583.0,37.5
585.0,37.5
587.0,37.050000000000004
589.0,24.599999999999998
591.0,28.724999999999998
593.0,32.824999999999996
595.0,34.625
597.0,36.125
599.0,39.37499999999999
601.0,43.675
603.0,44.125
605.0,24.925
607.0,25.025000000000002
609.0,31.0
611.0,34.275000000000006
613.0,38.35
615.0,40.375
617.0,36.375
619.0,30.675
621.0,33.85
623.0,36.35
625.0,37.025
627.0,32.875
629.0,34.275
631.0,31.825
633.0,33.0
635.0,34.25
637.0,36.25
639.0,36.225
641.0,37.15
643.0,38.175
645.0,26.625000000000004
647.0,18.575
649.0,20.025
651.0,22.2
653.0,23.4
655.0,24.075
657.0,24.799999999999997
659.0,24.775
661.0,26.55
663.0,28.975
665.0,28.15
667.0,29.699999999999996
669.0,29.349999999999998
671.0,19.825000000000003
673.0,21.75
675.0,23.85
677.0,23.85
679.0,24.4
681.0,26.575000000000003
683.0,30.099999999999998
685.0,34.7
687.0,37.150000000000006
689.0,38.575
691.0,31.35
693.0,26.5
695.0,27.0
697.0,29.35
699.0,30.875
701.0,31.674999999999997
703.0,36.375
705.0,37.975
707.0,28.2
709.0,30.049999999999997
711.0,31.200000000000003
713.0,26.275
715.0,29.225
717.0,32.6
719.0,35.599999999999994
721.0,36.025000000000006
723.0,37.75
725.0,41.599999999999994
727.0,37.2
729.0,32.325
731.0,35.525000000000006
733.0,34.55
735.0,29.025
737.0,29.125
739.0,17.75
741.0,18.075000000000003
743.0,19.400000000000002
745.0,19.375000000000004
747.0,19.95
749.0,21.125
751.0,21.1
753.0,21.75
755.0,22.5
757.0,22.375
759.0,22.375
761.0,18.775000000000002
763.0,12.05
765.0,12.475
767.0,13.649999999999999
769.0,13.95
771.0,16.6
773.0,17.1
775.0,18.075
777.0,20.45
779.0,21.125
781.0,20.724999999999998
783.0,20.8
785.0,23.35
787.0,25.249999999999996
789.0,27.125000000000004
791.0,27.075
793.0,27.875000000000004
795.0,28.675
797.0,27.95
799.0,24.075
801.0,18.75
803.0,21.174999999999997
805.0,17.425
807.0,15.325
809.0,16.95
811.0,20.7
813.0,20.05
815.0,18.875
817.0,19.15
819.0,17.3
821.0,14.225000000000001
823.0,14.225000000000001
825.0,14.225000000000001
827.0,15.475000000000001
829.0,17.525000000000002
831.0,16.05
833.0,12.925
835.0,12.850000000000001
837.0,13.475000000000001
839.0,15.125
841.0,17.1
843.0,19.025
845.0,22.575
847.0,21.85
849.0,18.125
851.0,19.299999999999997
853.0,21.325
855.0,22.95
857.0,23.674999999999997
859.0,23.325
861.0,24.375
863.0,25.675000000000004
865.0,27.9
867.0,26.5
869.0,24.599999999999998
871.0,24.1
873.0,24.549999999999997
875.0,24.374999999999996
877.0,24.374999999999996
879.0,24.374999999999996
881.0,24.325
883.0,18.375
885.0,18.0
887.0,18.0
889.0,17.975
891.0,18.45
893.0,18.375
895.0,19.725
897.0,23.025
899.0,24.925
901.0,26.15
903.0,24.325000000000003
905.0,24.85
907.0,26.15
909.0,29.2
911.0,21.125
913.0,16.7
915.0,16.825
917.0,22.174999999999997
919.0,26.175
921.0,27.825000000000003
923.0,30.55
925.0,32.7
927.0,27.575
929.0,19.2
931.0,19.575
933.0,19.825
935.0,21.75
937.0,21.4
939.0,21.1
941.0,22.45
943.0,22.7
945.0,22.575
947.0,11.799999999999999
949.0,14.1
951.0,14.799999999999999
953.0,14.799999999999999
955.0,14.799999999999999
957.0,14.7
959.0,14.2
961.0,16.1
963.0,16.924999999999997
965.0,17.8
967.0,17.075
969.0,15.3
971.0,16.85
973.0,16.775
975.0,17.625
977.0,9.774999999999999
979.0,9.95
981.0,9.95
983.0,10.35
985.0,11.75
987.0,8.95
989.0,7.45
991.0,6.9
993.0,7.15
995.0,9.225
997.0,9.149999999999999
999.0,10.675
1001.0,12.1
